0088011,Romancing the Stone,1984,106
0380510,The Lovely Bones,2009,135
0425253,Mini's First Time,2006,91
0099052,Arachnophobia,1990,103
0052365,The Vikings,1958,116
0034687,I due Foscari,1942,
4907572,Quay,2015,8
0120695,From Dusk Till Dawn 3: The Hangman's Daughter,1999,94
0361430,Catching Kringle,2004,
0206093,La lingua del santo,2000,110
0187589,Watchtower Over Tomorrow,1945,15
0048413,Napoléon,1955,
0100510,Roller Coaster Rabbit,1990,7
0983193,The Adventures of Tintin,2011,107
0217505,How Did You Get Here?,2002,
0036659,Bon Voyage,1944,26
0100998,Yume,1990,119
0042004,Under Capricorn,1949,117
0120623,A Bug's Life,1998,95
0086577,Where Is Parsifal?,1984,82
0049513,Moby Dick,1956,116
2290363,Giovani talenti italiani,2004,
1462764,Untitled Indiana Jones Project,2020,
2352440,Minestrome,1975,
0112642,Casper,1995,100
0020852,Elstree Calling,1930,86
0119282,Hercules,1997,93
0113493,Judgement,1995,31
0028212,Sabotage,1936,76
2352458,The Sound Sleeper,1973,
0091183,Head Office,1985,90
0023149,Lord Camber's Ladies,1932,80
0076517,Padre padrone,1977,
0093148,Harry and the Hendersons,1987,110
0208990,La stanza del figlio,2001,99
0110971,Renaissance Man,1994,128
4143870,The Dream,2014,9
0109127,Angels in the Outfield,1994,102
0062622,2001: A Space Odyssey,1968,149
0365907,A Walk Among the Tombstones,2014,114
1028528,Death Proof,2007,114
0099088,Back to the Future Part III,1990,118
0318766,The Tower of Babble,2002,22
0112851,Desperado,1995,104
0985699,Valkyrie,2008,121
0278504,Insomnia,2002,118
0047876,Il bidone,1955,113
4912910,Mission: Impossible 6,2018,
0183637,Paté de bourgeois,1973,26
0338751,The Aviator,2004,170
